,Company_name,Symbol,Sector,Shares_outstanding,Market_price,Percent_change,Last_traded,52_weeks_low_high,180_day_average,120_day_average,1_year_yield,EPS,PE_ratio,Book_value,PBV,30_day_avg_volume,Market_capitalization,Sektor,Listed_shares,Paidup_value,Total_paidup_value
0,Aarambha Chautari Laghubitta Bittiya Sanstha Limited,ACLBSL,Microfinance,2867631.5,1639,-0.67,7/20/2021 12:25,"1,857.00-492.00",1590.89,1601.64,0,36.42,45,143.31,11.44,3042,4700048029,Microfinance,2867631.5,100,286763150
1,Agriculture Development Bank Limited,ADBL,Commercial_Banks,109899297.9,522,1.95,7/20/2021 12:25,554.00-406.00,449.22,450.99,18.52,22.19,23.52,228.69,2.28,101239,57367433504,Commercial Banks,109899297.9,100,10989929790
2,10.35% Agricultural Bank Debenture 2083,ADBLD83,Corporate_Debenture,,1047,0,7/20/2021 12:25,"1,150.00-1,047.00",1078.62,1078,0,0,0,0,1047,222,0,Corporate Debenture,0,0,0
3,Arun Valley Hydropower Development Co. Ltd.,AHPC,Hydro_Power,15723591,503,4.38,7/20/2021 12:25,574.00-92.00,348.96,375.66,386.77,6.05,83.14,106.22,4.74,188990,7908966273,Hydro Power,15723591,100,1572359100
4,AJOD Insurance Limited,AIL,Non_Life_Insurance,10000000,842.1,0.25,7/20/2021 12:25,"1,031.00-320.00",809.94,853.93,0,8.15,103.33,107.55,7.83,10275,8421000000,Non-Life Insurance,10000000,100,1000000000
5,Ankhu Khola Jalvidhyut Company Ltd,AKJCL,Hydro_Power,8000000,288,-0.69,7/20/2021 12:25,335.00-48.00,194.05,220.08,488.78,4.63,-62.2,64.05,4.5,14637,2304000000,Hydro Power,8000000,100,800000000
6,Arun Kabeli Power Ltd.,AKPL,Hydro_Power,15856500,534,2.89,7/20/2021 12:25,527.00-112.00,370.36,399.08,310.32,17.09,31.25,112.98,4.73,182975,8467371000,Hydro Power,15856500,100,1585650000
7,Asha Laghubitta Bittiya Sanstha Ltd,ALBSL,Microfinance,2671312,1919,0.47,7/20/2021 12:25,"1,955.00-643.00",1656.36,1752.05,136.68,53.29,36.01,157.47,12.19,3678,5126247728,Microfinance,2671312,100,267131200
8,Asian Life Insurance Co. Limited,ALICL,Life_Insurance,20107607.27,1399,0.29,7/20/2021 12:25,"1,535.00-613.00",1316.54,1344.52,114.62,12.08,115.81,136.33,10.26,23100,28130542571,Life Insurance,20107607.27,100,2010760727
9,Api Power Company Ltd.,API,Hydro_Power,24967185.1,428,2.12,7/20/2021 12:25,475.00-106.00,339.02,363.89,258.97,6.74,63.5,111.22,3.85,228186,10685955223,Hydro Power,24967185.1,100,2496718510
10,Barun Hydropower Co. Ltd.,BARUN,Hydro_Power,2679075,547,0.74,7/20/2021 12:25,645.00-79.00,338.1,390.14,546.43,2.62,208.78,103.01,5.31,41855,1465454025,Hydro Power,2679075,100,267907500
11,Bishal Bazar Company Limited,BBC,Tradings,500000,6200,0.49,7/20/2021 12:25,"7,462.00-1,500.00",5664.81,6010.02,289.27,250.25,24.78,1685.32,3.68,1046,3100000000,Tradings,500000,100,50000000
12,Best Finance Company Ltd.,BFC,Finance,8289137.9,420,0,7/20/2021 12:25,473.00-94.00,240.26,280.43,300.38,11.45,36.68,111.64,3.76,69111,3481437918,Finance,8289137.9,100,828913790
13,Bottlers Nepal (Terai) Limited,BNT,Manufacturing_And_Processing,1210000,10810,-1.37,7/20/2021 12:25,"11,650.00-6,135.00",9667.62,9995.21,74.1,384.94,28.08,2117.17,5.11,189,13080100000,Manufacturing And Processing,1210000,100,121000000
14,Bank of Kathmandu Ltd.,BOKL,Commercial_Banks,96581764.3,397,-0.73,7/20/2021 12:25,399.90-221.00,329.86,341.86,68.73,16.14,24.6,165.45,2.4,95047,38342960427,Commercial Banks,96581764.3,100,9658176430
15,Butwal Power Company Limited,BPCL,Hydro_Power,29522702,529,1.73,7/20/2021 12:25,562.00-350.00,445.24,467.2,37.2,20.71,25.54,235.46,2.25,84965,15617509358,Hydro Power,29522702,100,2952270200
16,Chhimek Laghubitta Bittiya Sanstha Limited,CBBL,Microfinance,18300000,1786,0.06,7/20/2021 12:25,"1,842.00-1,022.00",1680.8,1747.66,54.95,69.65,25.64,258.52,6.91,51393,32683800000,Microfinance,18300000,100,1830000000
17,Civil Bank Ltd,CBL,Commercial_Banks,86436610,296,-0.67,7/20/2021 12:25,303.00-142.00,249.97,260.99,89.81,7.75,38.19,123.38,2.4,199618,25585236560,Commercial Banks,86436610,100,8643661000
18,Century Commercial Bank Ltd.,CCBL,Commercial_Banks,90344300,293.5,-0.84,7/20/2021 12:25,299.00-171.00,258.81,264.91,56.61,5.29,55.48,117.81,2.49,271229,26516052050,Commercial Banks,90344300,100,9034430000
19,Central Finance Co. Ltd.,CFCL,Finance,8810357.1,481,0,7/20/2021 12:25,490.00-118.00,278.57,315.7,275.78,10.7,44.95,131.31,3.66,74853,4237781765,Finance,8810357.1,100,881035710
20,Chandragiri Hills Limited,CGH,Hotels_And_Tourism,15340910,1518,-0.13,7/20/2021 12:25,"2,625.00-164.00",1498.05,1839.82,0,15.74,-96.44,79.09,19.19,7087,23287501380,Hotels And Tourism,15340910,100,1534091000
21,Chilime Hydropower Company Limited,CHCL,Hydro_Power,62807304.8,688,-0.15,7/20/2021 12:25,752.00-382.00,634.52,664.73,58.03,10.94,62.89,158.67,4.34,64168,43211425702,Hydro Power,62807304.8,100,6280730480
22,CEDB Hydropower Development Company Limited,CHDC,Investment,,660.1,2.82,7/20/2021 12:27,733.00-457.00,611.59,613.21,0,0,0,0,660.1,22927,0,Investment,0,251823000,0
23,Chhyangdi Hydropower Ltd.,CHL,Hydro_Power,2976750,530,4.95,7/20/2021 12:27,548.00-81.00,305.9,365.98,515.85,4.78,110.88,103.75,5.11,50477,1577677500,Hydro Power,2976750,100,297675000
24,Citizen Investment Trust,CIT,Investment,32700004,3734,0.27,7/20/2021 12:27,"5,480.00-2,480.00",4085.89,3935.88,38.08,24.14,154.68,584.3,6.39,17870,1.22102E+11,Investment,32700004,100,3270000400
25,Civil Laghubitta Bittiya Sanstha Ltd.,CLBSL,Microfinance,2421216.9,1788,-0.67,7/20/2021 12:27,"1,800.00-643.00",1284.46,1398.4,130.77,26.54,67.37,146.63,12.19,18949,4329135817,Microfinance,2421216.9,100,242121690
26,Citizens Mutual Fund -1,CMF1,Mutual_Fund,,14.13,7.86,7/20/2021 12:27,13.11-9.52,11.08,11.52,31,0,0,0,14.13,239197,0,Mutual Fund,0,10,0
27,CITIZENS MUTUAL FUND 2,CMF2,Mutual_Fund,,15.2,4.11,7/20/2021 12:27,14.70-9.46,11.54,12.17,0,0,0,0,0,102485,0,Mutual Fund,0,10,0
28,Corporate Development Bank Limited,CORBL,Development_Bank_Limited,4100000,762,0.26,7/20/2021 12:27,830.00-113.00,671.72,697.45,512.9,6.71,113.56,152.52,5,11940,3124200000,Development Bank Limited,4100000,100,410000000
29,Citizen Bank International Limited,CZBIL,Commercial_Banks,116620409.1,408,0,7/20/2021 12:27,409.00-191.00,329.94,345.18,100,17.67,23.09,146.87,2.78,180585,47581126913,Commercial Banks,116620409.1,100,11662040910
30,Deprosc Laghubitta Bittiya Sanstha Limited,DDBL,Microfinance,11562486.1,1770,0.28,7/20/2021 12:27,"2,319.00-814.00",1807.35,1742.64,95.68,59.75,29.62,198.21,8.93,21063,20465600397,Microfinance,11562486.1,100,1156248610
31,Dibyashwori Hydropower Ltd.,DHPL,Hydro_Power,2640000,282,-0.35,7/20/2021 12:27,327.00-47.05,174.86,205.35,487.5,9.13,-30.89,26.86,10.5,26845,744480000,Hydro Power,2640000,100,264000000
32,Everest Bank Limited,EBL,Commercial_Banks,89337170,765,-0.39,7/20/2021 12:27,838.00-647.00,757.45,743.72,0.92,22.5,34,235.11,3.25,49376,68342935050,Commercial Banks,89337170,100,8933717000
33,Excel Development Bank Ltd.,EDBL,Development_Bank_Limited,8111212.2,918,0,7/20/2021 12:27,921.00-296.00,566.89,645.42,192.36,19.36,47.42,157.96,5.81,29114,7446092800,Development Bank Limited,8111212.2,100,811121220
34,Everest Insurance Co. Ltd.,EIC,Non_Life_Insurance,11836044,775,-1.15,7/20/2021 12:27,853.00-386.00,742.78,760.76,86.67,16.7,46.41,129.46,5.99,20991,9172934100,Non-Life Insurance,11836044,100,1183604400
35,Everest Insurance Company Limited Promoter Share,EICPO,Promotor_Share,,480,-3.81,7/20/2021 12:27,511.00-245.00,401.39,398.85,0,0,0,0,480,21024,0,Promotor Share,0,0,0
36,First Micro Finance Laghubitta Bittiya Sanstha Ltd.,FMDBL,Microfinance,8768110,844,-0.82,7/20/2021 12:27,897.00-507.00,816.72,834.42,43.27,16.14,52.29,131.95,6.4,44736,7400284840,Microfinance,8768110,100,876811000
37,Forward Microfinance Laghubitta Bittiya Sanstha Ltd.,FOWAD,Microfinance,6255190,2810,-0.07,7/20/2021 12:27,"3,348.00-1,500.00",2761.42,2805.17,63.58,77.07,36.46,268.45,10.47,3677,17577083900,Microfinance,6255190,100,625519000
38,Garima Bikas Bank Limited,GBBL,Development_Bank_Limited,36759125,567,0,7/20/2021 12:27,598.00-227.00,387.85,426.93,133.33,24.6,23.05,138.92,4.08,156369,20842423875,Development Bank Limited,36759125,100,3675912500
39,Global IME Bank Limited,GBIME,Commercial_Banks,216325030,468.9,-0.23,7/20/2021 12:27,500.00-247.00,433.36,440.21,78.71,22.05,21.27,148.92,3.15,167546,1.01435E+11,Commercial Banks,216325030,100,21632503000
40,Grameen Bikas Laghubitta Bittiya Sanstha Ltd.,GBLBS,Microfinance,9825000,1274,-0.86,7/20/2021 12:27,"1,343.00-460.00",1131.49,1219.05,130.22,38.79,32.84,176.27,7.23,15099,12517050000,Microfinance,9825000,100,982500000
41,Goodwill Finance Co. Ltd.,GFCL,Finance,8672000,696,-1.28,7/20/2021 12:28,790.00-145.00,382.07,444.03,370,23.08,30.16,171.29,4.06,56002,6035712000,Finance,8672000,100,867200000
42,Ghalemdi Hydro Limited,GHL,Hydro_Power,5500000,305,1.57,7/20/2021 12:28,359.00-51.00,198.91,231.71,446,5.96,-51.17,94.91,3.21,13861,1677500000,Hydro Power,5500000,100,550000000
43,General Insurance Company Limited,GIC,Non_Life_Insurance,10000000,714.1,-1.37,7/20/2021 12:28,793.00-335.00,696.26,715.88,0,8.49,84.11,107.56,6.64,8255,7141000000,Non-Life Insurance,10000000,100,1000000000
44,Global IME Laghubitta Bittiya Sanstha Ltd.,GILB,Microfinance,3308842.3,2868,-0.93,7/20/2021 12:28,"2,980.00-1,149.00",2391.9,2645.29,118,85.26,33.64,184.07,15.58,6481,9489759716,Microfinance,3308842.3,100,330884230
45,Global IME Samunnat Scheme-1,GIMES1,Mutual_Fund,,22.32,10,7/20/2021 12:28,20.73-8.24,16.43,17.65,138.15,0,0,0,22.32,630228,0,Mutual Fund,0,10,0
46,Gurans Laghubitta Bittiya Sanstha Limited,GLBSL,Microfinance,834000,1950,-1.22,7/20/2021 12:28,"2,200.00-673.00",1695.45,1820.69,95.06,32.37,60.24,145.92,13.36,711,1626300000,Microfinance,834000,100,83400000
47,Greenlife Hydropower Limited,GLH,Hydro_Power,17843762.2,380,0,7/20/2021 12:28,441.00-328.00,382.27,383.12,0,0,0,100,3.8,12488,6780629636,Hydro Power,17843762.2,100,1784376220
48,Gurans Life Insurance Company Ltd.,GLICL,Life_Insurance,19755850,788,-1.13,7/20/2021 12:28,873.00-439.00,778.58,783.5,66.39,7.04,111.93,126.48,6.23,18454,15567609800,Life Insurance,19755850,100,1975585000
49,Ganapati Microfinance Bittiya Sanstha Ltd,GMFBS,Microfinance,1273567.5,1865,0,7/20/2021 12:28,"1,897.00-745.00",1647.28,1678.58,118.38,26.66,69.95,131.31,14.2,3003,2375203388,Microfinance,1273567.5,100,127356750
50,Guheshowori Merchant Bank & Finance Co. Ltd.,GMFIL,Finance,8640000,519,0.39,7/20/2021 12:28,579.00-120.00,309.27,356.54,300.78,11.71,44.32,155.41,3.34,44367,4484160000,Finance,8640000,100,864000000
51,Green Development Bank Ltd.,GRDBL,Development_Bank_Limited,5190000,374,-1.58,7/20/2021 12:28,404.00-107.00,238.31,272.25,224.79,1.99,187.94,104.32,3.59,23258,1941060000,Development Bank Limited,5190000,100,519000000
52,Gurkhas Finance Ltd.,GUFL,Finance,8679938,1204,-0.17,7/20/2021 12:28,"1,432.00-116.00",664.55,798.14,915,42.05,28.63,195.58,6.16,58178,10450645352,Finance,8679938,100,867993800
53,Himal Dolakha Hydropower Company Limited,HDHPC,Hydro_Power,16000000,294.9,0.41,7/20/2021 12:28,332.00-87.00,190.38,219.97,182.4,0.09,3276.67,85.7,3.44,176785,4718400000,Hydro Power,16000000,100,1600000000
54,Himalayan Distillery Limited,HDL,Manufacturing_And_Processing,8677023.75,5665,0,7/20/2021 12:28,"5,738.00-1,637.00",4623.72,4756.72,218.44,103.38,54.8,188.54,30.05,31685,49155339544,Manufacturing And Processing,8677023.75,100,867702375
55,Himalayan General Insurance Co. Ltd,HGI,Non_Life_Insurance,11003366.4,807,0,7/20/2021 12:28,909.00-395.00,733.17,758.24,93.99,11.03,73.16,126.05,6.4,20850,8879716685,Non-Life Insurance,11003366.4,100,1100336640
56,Hydorelectricity Investment and Development Company Ltd,HIDCL,Investment,200000000,452.6,-0.53,7/20/2021 12:30,588.00-127.00,430.67,476.14,233.41,4.26,106.24,109.55,4.13,333804,90520000000,Investment,200000000,100,20000000000
57,Himalayan Power Partner Ltd.,HPPL,Hydro_Power,10654170,544,4.82,7/20/2021 12:30,519.00-131.00,396.8,420.76,287.31,0,0,100,5.44,65027,5795868480,Hydro Power,10654170,100,1065417000
58,Himalaya Urja Bikas Company Limited,HURJA,Hydro_Power,9900000,388,-0.51,7/20/2021 12:30,431.00-90.00,334.92,365.51,333.33,0.12,3233.33,99.24,3.91,12744,3841200000,Hydro Power,9900000,100,990000000
59,ICFC Finance Limited,ICFC,Finance,10242658,648,-0.77,7/20/2021 12:30,696.00-170.00,390.74,436.45,267.98,23.16,27.98,143.61,4.51,108809,6637242384,Finance,10242658,100,1024265800
60,12% ICFC Finance Limited Debenture 2083,ICFCD83,Corporate_Debenture,,1234,-2.37,7/20/2021 12:30,"1,274.00-1,086.00",1190.8,1211.91,0,0,0,0,1234,72,0,Corporate Debenture,0,0,0
61,IME General Insurance Ltd.,IGI,Non_Life_Insurance,11575645.2,1241,0.16,7/20/2021 12:30,"1,416.00-420.00",1172.43,1228.75,167.03,21.72,57.14,126.15,9.84,19928,14365375693,Non-Life Insurance,11575645.2,100,1157564520
62,Infinity Laghubitta Bittiya Sanstha Limited,ILBS,Microfinance,2606500,1900,-0.78,7/20/2021 12:30,"1,915.00-703.00",1652.5,1750.53,130.65,53.57,35.47,156.18,12.17,3480,4952350000,Microfinance,2606500,100,260650000
63,Jyoti Bikas Bank Limited,JBBL,Development_Bank_Limited,38448227.8,487,0,7/20/2021 12:30,520.00-168.00,307.76,350.25,159.04,20.89,23.31,133.53,3.65,242603,18724286939,Development Bank Limited,38448227.8,100,3844822780
64,Janaki Finance Ltd.,JFL,Finance,6004111,477,0.42,7/20/2021 12:30,499.00-160.00,319.75,346.43,179.41,3.28,145.43,145.53,3.28,49691,2863960947,Finance,6004111,100,600411100
65,Jyoti Life Insurance Company Limited,JLI,Life_Insurance,22000000,760.1,-1.29,7/20/2021 12:30,908.00-388.00,778.71,778.45,0,7.32,103.84,127.29,5.97,13624,16722200000,Life Insurance,22000000,100,2200000000
66,Joshi Hydropower Development Company Ltd,JOSHI,Hydro_Power,3714000,289.9,0.14,7/20/2021 12:30,342.00-46.20,183.27,215.79,479,2.15,-134.84,84.08,3.45,21512,1076688600,Hydro Power,3714000,100,371400000
67,Janautthan Samudayic Laghubitta Bittiya Sanstha Limited,JSLBB,Microfinance,1183248,3532,-0.79,7/20/2021 12:30,"5,393.00-1,310.00",3790.15,3888.84,104.13,39.62,89.15,207.1,17.05,1096,4179231936,Microfinance,1183248,100,118324800
68,Kumari Bank Limited,KBL,Commercial_Banks,138784748.4,390.9,0.23,7/20/2021 12:30,395.00-182.00,327.8,342.18,94.03,17.37,22.5,135.49,2.89,214331,54250958134,Commercial Banks,138784748.4,100,13878474836
69,Kumari Equity Fund,KEF,Mutual_Fund,,10.8,5.37,7/20/2021 12:30,10.50-9.80,10.08,10.1,0,0,0,0,10.8,27878,0,Mutual Fund,0,10,0
70,Khanikhola Hydropower Co. Ltd.,KKHC,Hydro_Power,4657143,288.1,0.73,7/20/2021 12:30,304.00-45.20,172.3,203.59,483.47,28.36,-10.16,-42.15,-6.84,26684,1341722898,Hydro Power,4657143,100,465714300
71,Kisan Lagubitta Bittiya Sanstha Limited,KLBSL,Microfinance,3928087.8,1726.1,-0.63,7/20/2021 12:30,"1,857.00-1,173.00",1626.99,1687.82,0,29.41,58.69,146.6,11.77,1601,6780272352,Microfinance,3928087.8,100,392808780
72,Kalika Laghubitta Bittiya Sanstha Limited,KMCDB,Microfinance,2775630,1453,-0.41,7/20/2021 12:30,"1,577.00-718.00",1348.35,1387.33,72.62,28.87,50.33,164.05,8.86,5962,4032990390,Microfinance,2775630,100,277563000
73,Kalika power Company Ltd,KPCL,Hydro_Power,6000000,506,1.61,7/20/2021 12:30,532.00-104.00,333.55,378.84,377.67,13.8,36.67,120.81,4.19,14191,3036000000,Hydro Power,6000000,100,600000000
74,Karnali Development Bank Limited,KRBL,Development_Bank_Limited,5028300,381,-1.55,7/20/2021 12:30,413.00-101.00,236.17,268.7,251.82,2.77,137.55,107.65,3.54,37231,1915782300,Development Bank Limited,5028300,100,502830000
75,Kamana Sewa Bikas Bank Limited,KSBBL,Development_Bank_Limited,26519637.3,603,-0.5,7/20/2021 12:30,632.00-140.00,391.82,438.78,268.42,26.4,22.84,148.61,4.06,170714,15991341292,Development Bank Limited,26519637.3,100,2651963730
76,Lumbini Bikas Bank Ltd.,LBBL,Development_Bank_Limited,29064535.5,609,-0.41,7/20/2021 12:32,696.00-181.00,358.83,417.61,196.84,19.44,31.33,165.67,3.68,160031,17700302120,Development Bank Limited,29064535.5,100,2906453550
77,Laxmi Bank Limited,LBL,Commercial_Banks,106956900,410,-0.73,7/20/2021 12:32,432.00-224.00,326.37,346.34,75,16.06,25.53,152.02,2.7,91995,43852329000,Commercial Banks,106956900,100,10695690000
78,Liberty Energy Company Limited,LEC,Hydro_Power,15000000,391,1.3,7/20/2021 12:32,460.00-200.00,319.5,350.2,0,3.04,-128.62,90.23,4.33,31677,5865000000,Hydro Power,15000000,100,1500000000
79,Laxmi Equity Fund,LEMF,Mutual_Fund,,16.03,9.87,7/20/2021 12:32,14.59-8.32,11.73,12.38,66.36,0,0,0,16.03,1088498,0,Mutual Fund,0,10,0
80,Lumbini General Insurance Co. Ltd.,LGIL,Non_Life_Insurance,11988900,823,-1.44,7/20/2021 12:32,885.00-437.00,788.27,803.49,77.72,15.31,53.76,125.28,6.57,32596,9866864700,Non-Life Insurance,11988900,100,1198890000
81,Life Insurance Co. Nepal,LICN,Life_Insurance,22110000,2399,-1.76,7/20/2021 12:32,"2,762.00-1,397.00",2368.77,2350.25,72.09,9.27,258.79,127.65,18.79,9126,53041890000,Life Insurance,22110000,100,2211000000
82,Laxmi Laghubitta Bittiya Sanstha Ltd.,LLBS,Microfinance,3200450,2345,-0.09,7/20/2021 12:32,"2,524.00-1,074.00",2018.38,2208.71,94.13,65.69,35.7,203.05,11.55,3402,7505055250,Microfinance,3200450,100,320045000
83,Laxmi unnati Kosh,LUK,Mutual_Fund,,14.25,10.04,7/20/2021 12:32,12.95-8.71,10.75,11.19,0,0,0,0,14.25,410966,0,Mutual Fund,0,10,0
84,Machhapuchchhre Bank Limited,MBL,Commercial_Banks,90530945.8,414,-0.24,7/20/2021 12:32,415.00-221.00,329.86,345.86,69.39,19.01,21.78,139.34,2.97,164706,37479811561,Commercial Banks,90530945.8,100,9053094580
85,Miteri Development Bank Limited,MDB,Development_Bank_Limited,7973769.4,611,-0.31,7/20/2021 12:32,672.00-313.00,425.33,466.07,79.47,17.9,34.13,143.09,4.27,26751,4871973103,Development Bank Limited,7973769.4,100,797376940
86,Mega Bank Nepal Ltd.,MEGA,Commercial_Banks,146549649.6,387.3,0.21,7/20/2021 12:32,386.50-216.00,322.55,335.84,57.35,17.95,21.58,135.86,2.85,217588,56758679290,Commercial Banks,146549649.6,100,14654964960
87,Mountain Energy Nepal Limited,MEN,Hydro_Power,19680270,963,3.66,7/20/2021 12:32,974.00-373.00,746.99,813.13,0,3.39,284.07,117.5,8.2,12671,18952100010,Hydro Power,19680270,100,1968027000
88,Meromicrofinance Laghubitta Bittiya Sanstha Ltd.,MERO,Microfinance,10000000,1650,-1.2,7/20/2021 12:32,"1,895.00-615.00",1455.48,1609.58,139.26,39.53,41.74,148.02,11.15,9895,16500000000,Microfinance,10000000,100,1000000000
89,Manjushree Finance Ltd.,MFIL,Finance,9653950,1240,0,7/20/2021 12:32,"1,281.00-267.00",650.89,743.92,266.57,51.82,23.93,168.94,7.34,116419,11970898000,Finance,9653950,100,965395000
90,Mountain Hydro Nepal Limited,MHNL,Hydro_Power,12500000,405,7.43,7/20/2021 12:32,419.00-78.00,284.08,310.58,371.25,1.77,228.81,88.59,4.57,13905,5062500000,Hydro Power,12500000,100,1250000000
91,Mithila Laghubitta Bittiya Sanstha Ltd.,MLBBL,Microfinance,1363497.4,2390,1.92,7/20/2021 12:32,"2,500.00-705.00",1959.82,2075.48,189.86,50.05,47.75,196.64,12.15,2179,3258758786,Microfinance,1363497.4,100,136349740
92,Mahalaxmi Bikas Bank Ltd.,MLBL,Development_Bank_Limited,33424027.3,485,1.68,7/20/2021 12:32,495.00-185.00,332.58,353.52,146.39,16.1,30.12,154.9,3.13,141177,16210653241,Development Bank Limited,33424027.3,100,3342402730
93,Mahila Laghubitta Bittiya Sanstha Limited,MLBSL,Microfinance,1000000,5050,0,7/20/2021 12:32,"5,390.00-446.00",3555.15,3687.13,0,85.66,58.95,291.84,17.3,2818,5050000000,Microfinance,1000000,100,100000000
94,Mirmire Laghubitta Bittiya Sanstha Ltd.,MMFDB,Microfinance,4325915,1925,-1.79,7/20/2021 12:33,"1,960.00-682.00",1630.75,1683.69,118.02,45.46,42.34,159.24,12.09,8225,8327386375,Microfinance,4325915,100,432591500
95,Muktinath Bikas Bank Ltd.,MNBBL,Development_Bank_Limited,48115508,689.9,0.57,7/20/2021 12:33,723.00-316.00,481.02,524.36,106.36,27.87,24.75,138.43,4.98,113015,33194888969,Development Bank Limited,48115508,100,4811550800
96,Multipurpose Finance Company Limited,MPFL,Finance,4000000,442,-1.12,7/20/2021 12:33,453.00-104.00,256.89,294.06,306.36,1.02,433.33,124.76,3.54,43310,1768000000,Finance,4000000,100,400000000
97,Mahuli Laghubitta Bittiya Sanstha Ltd.,MSLB,Microfinance,2239440,2275,-1.09,7/20/2021 12:33,"2,847.00-984.00",2287.27,2227.49,158.43,39.8,57.16,198.95,11.44,1031,5094726000,Microfinance,2239440,100,223944000
98,Narayani Development Bank Limited,NABBC,Development_Bank_Limited,1312454,690,0.58,7/20/2021 12:33,829.00-295.00,620.19,630.28,57.7,5.34,-129.21,36.15,19.09,7022,905593260,Development Bank Limited,1312454,100,131245400
99,Nabil Bank Limited,NABIL,Commercial_Banks,134801590,1453,0.14,7/20/2021 12:33,"1,489.00-813.00",1276.54,1302.48,67.43,36.4,39.92,230.02,6.32,102162,1.95867E+11,Commercial Banks,134801590,100,13480159000
100,Nepal Bangladesh Bank Limited,NBB,Commercial_Banks,90048212,460,0,7/20/2021 12:33,460.00-193.00,364.44,393.8,107.33,24.26,18.96,165.46,2.78,237765,41422177520,Commercial Banks,90048212,100,9004821200
101,NABIL BALANCED FUND-2,NBF2,Mutual_Fund,,16.15,8.39,7/20/2021 12:33,14.90-8.70,12.03,12.66,56.51,0,0,0,16.15,890909,0,Mutual Fund,0,10,0
102,Nepal Bank Limited,NBL,Commercial_Banks,126367586.2,467,0,7/20/2021 12:33,477.00-247.00,430.46,437.81,65.25,23.87,19.56,270.22,1.73,259689,59013662755,Commercial Banks,126367586.2,100,12636758620
103,Nepal Credit And Commercial Bank Limited,NCCB,Commercial_Banks,103145166.8,375,-0.27,7/20/2021 12:33,384.00-190.00,342.56,354.05,78.2,14.23,26.35,138.27,2.71,154638,38679437550,Commercial Banks,103145166.8,100,10314516680
104,Nabil Equity Fund,NEF,Mutual_Fund,,16.29,3.76,7/20/2021 12:33,15.70-8.62,12.7,13.32,70.65,0,0,0,16.29,494695,0,Mutual Fund,0,10,0
105,Nepal Finance Ltd.,NFS,Finance,3055510,592,-1.17,7/20/2021 12:33,609.00-130.00,367.39,395,353.79,1.53,386.93,136.09,4.35,50675,1808861920,Finance,3055510,100,305551000
106,Ngadi Group Power Ltd.,NGPL,Hydro_Power,5891102.8,625,-1.11,7/20/2021 12:33,632.00-115.00,319.71,365.59,432.77,6.36,98.27,107.07,5.84,88622,3681939250,Hydro Power,5891102.8,100,589110280
107,Nepal Hydro Developers Ltd.,NHDL,Hydro_Power,2990000,491,0.2,7/20/2021 12:33,530.00-127.00,361.07,395.8,292,5.02,97.81,106.53,4.61,7304,1468090000,Hydro Power,2990000,100,299000000
108,National Hydro Power Company Limited,NHPC,Hydro_Power,13859112,319,0.63,7/20/2021 12:35,340.00-51.00,199.85,228.84,467.86,0.64,-498.44,75.97,4.2,552015,4421056728,Hydro Power,13859112,100,1385911200
109,NIBL Pragati Fund,NIBLPF,Mutual_Fund,,16.95,5.61,7/20/2021 12:35,16.05-8.16,12.91,13.54,93.61,0,0,0,16.95,323142,0,Mutual Fund,0,10,0
110,NIBL Samriddhi Fund 1,NIBSF1,Mutual_Fund,,15.7,2.75,7/20/2021 12:35,15.28-9.00,13.44,13.93,57.36,0,0,0,0,136195,0,Mutual Fund,0,10,0
111,NIBL Samriddhi Fund 2,NIBSF2,Mutual_Fund,,10.5,3.45,7/20/2021 12:35,10.81-9.94,10.1,10.12,0,0,0,0,10.5,30475,0,Mutual Fund,0,0,0
112,NIC Asia Bank Ltd.,NICA,Commercial_Banks,115640053.7,1045,0,7/20/2021 12:35,"1,065.00-548.00",907.2,917.64,66.63,34.65,30.16,174.96,5.97,196686,1.20844E+11,Commercial Banks,115640053.7,100,11564005366
113,NIC Asia Balanced Fund,NICBF,Mutual_Fund,,15.47,6.76,7/20/2021 12:35,14.49-8.80,11.96,12.55,39.6,0,0,0,15.47,433818,0,Mutual Fund,0,10,0
114,NIC Asia Growth Fund,NICGF,Mutual_Fund,,17.11,8.29,7/20/2021 12:35,15.80-9.26,12.98,13.62,58,0,0,0,17.11,595923,0,Mutual Fund,0,10,0
115,Nepal Insurance Co. Ltd.,NICL,Non_Life_Insurance,12423385.6,1087.8,-5.41,7/20/2021 12:35,"1,241.00-430.00",890.91,921.08,131.9,18.26,59.57,132.34,8.22,157704,13514158856,Non-Life Insurance,12423385.6,100,1242338560
116,NIC Asia Laghubitta Biitiya Sanstha Limited,NICLBSL,Microfinance,17394400,1617,0.12,7/20/2021 12:35,"1,899.00-688.00",1613.83,1613.87,157.99,32.75,49.37,145.72,11.1,18132,28126744800,Microfinance,17394400,0,0
117,Nepal Infrastructure Bank Limited,NIFRA,Investment,200000000,494,-0.8,7/20/2021 12:35,660.00-374.00,536.96,539.52,0,3.93,125.7,110.77,4.46,252602,98800000000,Investment,200000000,100,20000000000
118,Neco Insurance Co. Ltd.,NIL,Non_Life_Insurance,15216337,1391,-0.57,7/20/2021 12:35,"1,829.00-615.00",1612.13,1613.1,118.94,30.75,45.24,144.84,9.6,37785,21165924767,Non-Life Insurance,15216337,100,1521633700
119,Nerude Laghubita Bittiya Sanstha Limited,NLBBL,Microfinance,4938775.7,1675,-0.48,7/20/2021 12:35,"1,850.00-670.00",1572.16,1665.29,118.86,41.4,40.46,219.64,7.63,7403,8272449298,Microfinance,4938775.7,100,493877570
120,NLG Insurance Company Ltd.,NLG,Non_Life_Insurance,10963760,1248.9,-0.33,7/20/2021 12:35,"1,368.00-608.00",1164.63,1208.23,82.65,25.88,48.26,138.57,9.01,59427,13692639864,Non-Life Insurance,10963760,100,1096376000
121,Nepal Life Insurance Co. Ltd.,NLIC,Life_Insurance,71999706.6,1983,-0.05,7/20/2021 12:35,"2,908.00-1,317.00",2132.48,2055.84,41.61,9.38,211.41,115.6,17.15,53244,1.42775E+11,Life Insurance,71999706.6,100,7199970660
122,National Life Insurance Co. Ltd.,NLICL,Life_Insurance,33908892,1220,-0.49,7/20/2021 12:35,"1,349.00-657.00",1198.56,1186.75,71.47,12.68,96.21,123.94,9.84,31723,41368848240,Life Insurance,33908892,100,3390889200
123,NMB Bank Limited,NMB,Commercial_Banks,163259610,479.9,0.19,7/20/2021 12:35,479.00-388.00,433.34,433.11,5.33,20.55,23.35,145.32,3.3,145740,78348286839,Commercial Banks,163259610,100,16325961000
124,NMB 50,NMB50,Mutual_Fund,,16.9,8.06,7/20/2021 12:37,15.64-9.01,12.98,13.6,56.4,0,0,0,0,903680,0,Mutual Fund,0,10,0
125,NMB Hybrid Fund L-1,NMBHF1,Mutual_Fund,,15.14,5.95,7/20/2021 12:37,14.32-9.18,11.84,12.37,48.85,0,0,0,15.14,240878,0,Mutual Fund,0,10,0
126,NMB Laghubitta Bittiya Sanstha Ltd.,NMBMF,Microfinance,5398050,1499,0.2,7/20/2021 12:37,"1,590.00-710.00",1376.87,1451.54,85.71,31.27,47.94,154.34,9.71,5548,8091676950,Microfinance,5398050,100,539805000
127,National Microfinance Laghubitta Bittiya Sanstha Ltd.,NMFBS,Microfinance,3194950,3745,-0.13,7/20/2021 12:37,"3,890.00-1,499.00",3286.64,3481.54,110.2,103.98,36.02,220.12,17.01,2693,11965087750,Microfinance,3194950,100,319495000
128,Nepal Re-Insurance Company Limited,NRIC,Others,,1640,-0.12,7/20/2021 12:37,"1,977.00-535.00",1564.88,1595.84,188.07,0,0,0,1640,176625,0,Others,0,100,0
129,NRN Infrastructure and Development Limited,NRN,Investment,11649635,685,2.24,7/20/2021 12:37,800.00-336.00,550.22,629.49,0,1.97,347.72,101.16,6.77,24272,7979999975,Investment,11649635,100,1164963500
130,Nepal Doorsanchar Comapany Limited,NTC,Others,150000000,1320,0,7/20/2021 12:37,"1,451.00-650.00",1315.83,1309.31,94.4,52.31,25.23,653.1,2.02,44632,1.98E+11,Others,150000000,100,15000000000
131,Nirdhan Utthan Laghubitta Bittiya Sanstha Limited,NUBL,Microfinance,16950000,1645,-0.06,7/20/2021 12:37,"1,870.00-931.00",1632.81,1700.87,55.28,56.23,29.25,254.78,6.46,45618,27882750000,Microfinance,16950000,100,1695000000
132,Oriental Hotels Limited,OHL,Hotels_And_Tourism,11280904.37,668,2.93,7/20/2021 12:37,730.00-314.00,508.72,511.73,110.71,24.96,-26.76,178.77,3.74,44879,7535644119,Hotels And Tourism,11280904.37,100,1128090437
133,Prime Commercial Bank Ltd.,PCBL,Commercial_Banks,160830369.3,505,0,7/20/2021 12:37,505.00-260.00,451.82,452.95,75.35,23.36,21.62,145.88,3.46,113487,81219336497,Commercial Banks,160830369.3,100,16083036930
134,Pokhara Finance Ltd.,PFL,Finance,9631457.9,667,-0.73,7/20/2021 12:37,780.00-144.00,381.19,439.42,319.5,15.01,44.44,139.49,4.78,59862,6424182419,Finance,9631457.9,100,963145790
135,Premier Insurance Co. Ltd.,PIC,Non_Life_Insurance,10745600,1218.1,-0.16,7/20/2021 12:37,"1,360.00-605.00",1237.79,1250.51,94.58,35.94,33.89,131.08,9.29,13515,13089215360,Non-Life Insurance,10745600,100,1074560000
136,Prudential Insurance Co. Ltd.,PICL,Non_Life_Insurance,11085466.6,850,-0.35,7/20/2021 12:37,962.00-434.00,817.99,833.65,69.92,15.31,55.52,123.59,6.88,21655,9422646610,Non-Life Insurance,11085466.6,100,1108546660
137,Prabhu Life Insurance Limited,PLI,Life_Insurance,20000000,781,-0.51,7/20/2021 12:37,926.00-141.00,781.06,788.81,0,9.19,84.98,118.3,6.6,13050,15620000000,Life Insurance,20000000,100,2000000000
138,Prime Life Insurance Company Limited,PLIC,Life_Insurance,24170570,990,0.71,7/20/2021 12:38,"1,088.00-530.00",913.54,930.55,75.85,12.61,78.51,125.87,7.87,28404,23928864300,Life Insurance,24170570,100,2417057000
139,Panchakanya Mai Hydropower Ltd,PMHPL,Hydro_Power,11000000,310,1.84,7/20/2021 12:38,364.00-70.00,218.59,251.13,322.78,1.48,-209.46,80.78,3.84,10609,3410000000,Hydro Power,11000000,100,1100000000
140,Panchthar Power Company Limited,PPCL,Hydro_Power,9625000,413,0.05,7/20/2021 12:38,423.00-112.00,303.32,333.88,258.96,4.09,100.98,88.51,4.67,12120,3975125000,Hydro Power,9625000,100,962500000
141,Prabhu Insurance Ltd.,PRIN,Non_Life_Insurance,11619022.8,1000,-0.79,7/20/2021 12:38,"1,120.00-468.00",935.38,946.04,101.6,18.34,54.53,124.9,8.01,27996,11619022800,Non-Life Insurance,11619022.8,100,1161902280
142,Progressive Finance Limited,PROFL,Finance,8001000,388,-0.51,7/20/2021 12:38,440.00-102.00,232.19,268.55,282.35,5.99,64.77,112.55,3.45,82295,3104388000,Finance,8001000,100,800100000
143,Prabhu Bank Limited,PRVU,Commercial_Banks,113470570,484,-0.41,7/20/2021 12:38,492.00-222.00,451.45,450.45,93.63,24.79,19.52,152.86,3.17,160554,54919755880,Commercial Banks,113470570,100,11347057000
144,Prabhu Select Fund,PSF,Mutual_Fund,,10.6,4.95,7/20/2021 12:38,10.57-10.00,10.17,10.19,0,0,0,0,10.6,43557,0,Mutual Fund,0,0,0
145,Radhi Bidyut Company Ltd,RADHI,Hydro_Power,6464046.2,791,5.05,7/20/2021 12:38,"1,300.00-164.00",621.83,758.23,343.53,12.92,61.22,137.99,5.73,109920,5113060544,Hydro Power,6464046.2,100,646404620
146,Rastriya Beema Company Limited,RBCL,Non_Life_Insurance,2666390,21650,0.23,7/20/2021 12:38,"23,594.00-9,070.00",19502.96,19979.47,132.51,135.02,160.35,1263.88,17.13,979,57727343500,Non-Life Insurance,2666390,100,266639000
147,Rastriya Beema Company Limited Promoter Share,RBCLPO,Promotor_Share,,17800,-1.11,7/20/2021 12:40,"18,822.00-7,796.00",16772.76,17001.33,112.68,0,0,0,17800,1954,0,Promotor Share,0,0,0
148,Ridi Hydropower Development Company Ltd.,RHPC,Hydro_Power,5855580,566,1.98,7/20/2021 12:40,696.00-80.00,311.33,378.3,552.94,4.88,115.98,103.84,5.45,66214,3314258280,Hydro Power,5855580,100,585558000
149,RASUWAGADHI HYDROPOWER COMPANY LIMITED,RHPL,Hydro_Power,61578900,477,1.04,7/20/2021 12:40,579.00-142.00,439.01,473.47,215.33,0.53,-900,96.32,4.95,86137,29373135300,Hydro Power,61578900,100,6157890000
150,Reliance Finance Ltd.,RLFL,Finance,9156576,558,-0.18,7/20/2021 12:40,562.00-120.00,318.23,364.77,326.72,12.64,44.15,150.3,3.71,115033,5109369408,Finance,9156576,100,915657600
151,Reliance Life Insurance Company Limited,RLI,Life_Insurance,21000000,712,-1.52,7/20/2021 12:40,784.00-340.00,698.74,700.62,0,4.18,170.33,109.8,6.48,17600,14952000000,Life Insurance,21000000,100,2100000000
152,RMDC Laghubitta Bittiya Sanstha Limited,RMDC,Microfinance,10342219.4,1374,0.22,7/20/2021 12:40,"1,409.00-692.00",1216.16,1263.37,90.68,26.47,51.91,266.27,5.16,25158,14210209456,Microfinance,10342219.4,100,1034221940
153,Rairang Hydropower Development Company Ltd.,RRHP,Hydro_Power,5600000,438,4.29,7/20/2021 12:40,482.00-89.00,365.21,395.05,361.54,9.17,47.76,109.8,3.99,26310,2452800000,Hydro Power,5600000,100,560000000
154,RSDC Laghubitta Bittiya Sanstha Ltd.,RSDC,Microfinance,7319600,897,0.67,7/20/2021 12:40,946.00-469.00,852.93,875.36,65,13.9,64.53,118.94,7.54,14050,6565681200,Microfinance,7319600,100,731960000
155,Ru Ru Jalbidhyut Pariyojana Limited,RURU,Hydro_Power,4077055,921,0.11,7/20/2021 12:40,"1,170.00-384.00",906.18,906.45,0,20.05,45.94,130.11,7.08,2336,3754967655,Hydro Power,4077055,100,407705500
156,SABAIKO LAGHUBITTA BITTIYA SANSTHA LIMITED,SABSL,Microfinance,2060270,1931.9,0.36,7/20/2021 12:40,"1,964.00-713.00",1592.84,1704.65,121.77,51.3,37.66,145.23,13.3,2594,3980235613,Microfinance,2060270,100,206027000
157,Shangrila Development Bank Ltd.,SADBL,Development_Bank_Limited,27369724.2,437,-0.68,7/20/2021 12:40,473.00-141.00,279.02,314.28,194,17.13,25.51,138.05,3.17,133281,11960569475,Development Bank Limited,27369724.2,100,2736972420
158,Sanima Equity Fund,SAEF,Mutual_Fund,,18.98,8.4,7/20/2021 12:40,17.51-9.40,14.6,15.35,77.77,0,0,0,18.98,1193417,0,Mutual Fund,0,10,0
159,Sanima Bank Limited,SANIMA,Commercial_Banks,96815190.8,520,0.19,7/20/2021 12:40,519.00-307.00,408.1,431.01,39.52,25.56,20.34,148.7,3.5,158323,50343899216,Commercial Banks,96815190.8,100,9681519080
160,Saptakoshi Development Bank Ltd,SAPDBL,Development_Bank_Limited,8343384.3,390,-0.51,7/20/2021 12:40,410.00-117.00,235.15,267.83,211.11,6.8,57.35,118.26,3.3,41735,3253919877,Development Bank Limited,8343384.3,100,834338430
161,Sunrise Bluechip Fund,SBCF,Mutual_Fund,,10.41,2.87,7/20/2021 12:42,10.60-10.00,10.13,10.14,0,0,0,0,10.41,29656,0,Mutual Fund,0,10,0
162,8.5% Sanima Debenture 2087,SBD87,Corporate_Debenture,,995,0,7/20/2021 12:42,"1,010.00-995.00",1002.19,1001.97,0,0,0,0,995,162,0,Corporate Debenture,0,0,0
163,Nepal SBI Bank Limited,SBI,Commercial_Banks,94935778.9,424,-0.7,7/20/2021 12:42,484.00-387.00,416.56,411.12,-8.17,12.34,34.36,161.32,2.63,36225,40252770254,Commercial Banks,94935778.9,100,9493577890
164,Siddhartha Bank Limited,SBL,Commercial_Banks,109622992,549.8,0.33,7/20/2021 12:42,548.00-292.00,435.67,455.5,65.79,25.12,21.89,181.89,3.02,173089,60270721002,Commercial Banks,109622992,100,10962299200
165,Standard Chartered Bank Limited,SCB,Commercial_Banks,85722310,602,-0.17,7/20/2021 12:42,700.00-574.00,605.5,595.49,-13.11,18.41,32.7,186.95,3.22,29666,51604830620,Commercial Banks,85722310,100,8572231000
166,Sadhana Laghubitta Bittiya Sanstha Limited,SDLBSL,Microfinance,2569804,1773,-0.89,7/20/2021 12:42,"1,980.00-397.00",1543.44,1626.07,0,39.34,45.07,136.61,12.98,5103,4556262492,Microfinance,2569804,100,256980400
167,Siddhartha Equity Fund,SEF,Mutual_Fund,,15.9,8.9,7/20/2021 12:42,14.60-8.76,12.46,12.94,46,0,0,0,0,333735,0,Mutual Fund,0,10,0
168,Samriddhi Finance Company Limited,SFCL,Finance,5459409,520,0.39,7/20/2021 12:42,518.00-99.00,272.67,315.71,435.05,1.32,393.94,72.73,7.15,75318,2838892680,Finance,5459409,100,545940900
169,Sunrise First Mutual Fund,SFMF,Mutual_Fund,,18.44,7.96,7/20/2021 12:42,17.08-9.00,13.55,14.38,70.8,0,0,0,18.44,651707,0,Mutual Fund,0,10,0
170,Sanima General Insurance Company Limited,SGI,Non_Life_Insurance,10000000,742,0.27,7/20/2021 12:42,899.00-342.00,729.65,763.26,0,7.76,95.62,107.6,6.9,7676,7420000000,Non-Life Insurance,10000000,100,1000000000
171,Singati Hydro Energy Limited,SHEL,Hydro_Power,,478,1.49,7/20/2021 12:42,529.00-330.00,426.54,427.41,0,0,0,0,478,15763,0,Hydro Power,0,100,0
172,Shine Resunga Development Bank Ltd.,SHINE,Development_Bank_Limited,34084639.1,471,0.6,7/20/2021 12:42,494.00-230.00,320.08,348.9,89.55,17.54,26.85,138.5,3.4,101290,16053865016,Development Bank Limited,34084639.1,100,3408463910
173,SHIVAM CEMENTS LTD,SHIVM,Manufacturing_And_Processing,44000000,1527,0.79,7/20/2021 12:42,"1,670.00-570.00",1493.17,1485.76,124.44,33.03,46.23,215.38,7.09,30210,67188000000,Manufacturing And Processing,44000000,100,4400000000
174,Soaltee Hotel Limited,SHL,Hotels_And_Tourism,8425797.3,272,1.87,7/20/2021 12:42,300.00-148.00,220.26,227.22,67.92,2.16,-125.93,17.96,15.14,87234,2291816866,Hotels And Tourism,8425797.3,10,84257973
175,Sanima Mai Hydropower Ltd.,SHPC,Hydro_Power,28084100,543,1.5,7/20/2021 12:43,569.00-217.00,407.22,438.65,124.79,16.15,33.62,121.85,4.46,105719,15249666300,Hydro Power,28084100,100,2808410000
176,Sagarmatha Insurance Co. Ltd.,SIC,Non_Life_Insurance,11113574,1418,-0.56,7/20/2021 12:43,"1,835.00-710.00",1559.61,1597.27,100.28,34.25,41.4,143.5,9.88,7846,15759047932,Non-Life Insurance,11113574,100,1111357400
177,Shikhar Insurance Co. Ltd.,SICL,Non_Life_Insurance,17585240,2070,0.34,7/20/2021 12:43,"2,830.00-1,070.00",2162.64,2000.52,82.07,27.55,75.14,135.12,15.32,26555,36401446800,Non-Life Insurance,17585240,100,1758524000
178,Shree Investment Finance Co. Ltd.,SIFC,Finance,8901348.8,490,0.41,7/20/2021 12:43,550.00-147.00,304.33,342.43,201.23,11.88,41.25,137.13,3.57,55917,4361660912,Finance,8901348.8,100,890134880
179,Siddhartha Investment Growth Scheme - 2,SIGS2,Mutual_Fund,,15.81,6.54,7/20/2021 12:43,14.84-10.45,12.59,13.12,0,0,0,0,15.81,1098299,0,Mutual Fund,0,10,0
180,Siddhartha Insurance Ltd.,SIL,Non_Life_Insurance,11200000,1099,-0.09,7/20/2021 12:43,"1,360.00-578.00",1181.78,1187.88,76,20.25,54.27,135.11,8.13,8265,12308800000,Non-Life Insurance,11200000,100,1120000000
181,Sindhu Bikash Bank Ltd,SINDU,Development_Bank_Limited,5574560.7,456,-0.22,7/20/2021 12:43,457.00-120.00,265.1,305.62,243.61,8.53,53.46,116.07,3.93,51236,2541999679,Development Bank Limited,5574560.7,100,557456070
182,SANJEN JALAVIDHYUT COMPANY LIMITED,SJCL,Hydro_Power,32850000,455,2.25,7/20/2021 12:43,520.00-133.00,394.67,440.13,220.14,0.86,-529.07,95.17,4.78,38746,14946750000,Hydro Power,32850000,100,3285000000
183,Sana Kisan Bikas Laghubitta Bittiya sanstha Limited.,SKBBL,Microfinance,12515309.8,1692,-0.47,7/20/2021 12:43,"1,783.00-1,210.00",1651.51,1657.04,22.33,49.58,34.13,274.19,6.17,11972,21175904182,Microfinance,12515309.8,100,1251530980
184,Swarojgar Laghubitta Bittiya Sanstha Ltd.,SLBBL,Microfinance,4112793,1549,0.13,7/20/2021 12:43,"1,606.00-790.00",1421.52,1447.25,63.42,36.52,42.42,140.19,11.05,12033,6370716357,Microfinance,4112793,100,411279300
185,Suryodaya Laghubitta Bittiya Sanstha Ltd.,SLBS,Microfinance,2480429.3,1757,-1.51,7/20/2021 12:43,"2,265.00-894.00",1838.79,1814.34,61.89,33.8,51.98,156.96,11.19,1328,4358114280,Microfinance,2480429.3,100,248042930
186,Samudayik Laghubitta Bittiya Sanstha Limited,SLBSL,Microfinance,1320000,1520,-2.25,7/20/2021 12:45,"1,693.00-755.00",1377.79,1439.05,67.93,17.28,87.96,150.38,10.11,1817,2006400000,Microfinance,1320000,100,132000000
187,Sanima Large Cap Fund,SLCF,Mutual_Fund,,10.53,3.44,7/20/2021 12:45,10.50-9.76,10.01,10.03,0,0,0,0,10.53,30712,0,Mutual Fund,0,10,0
188,Surya Life Insurance Company Limited,SLICL,Life_Insurance,22628950,960,-0.52,7/20/2021 12:45,"1,053.00-428.00",883.41,903.16,106.2,17.15,55.98,135.73,7.07,30383,21723792000,Life Insurance,22628950,100,2262895000
189,Samata Gharelu Laghubitta Bittiya Sanstha Limited,SMATA,Microfinance,2752081.9,1706,0.29,7/20/2021 12:45,"1,876.00-605.00",1514.5,1517.98,157.73,31.98,53.35,149.06,11.45,4991,4695051721,Microfinance,2752081.9,100,275208190
190,Support Microfinance Bittiya Sanstha Ltd.,SMB,Microfinance,660000,2539,-0.31,7/20/2021 12:45,"2,634.00-802.00",2254.32,2394.04,184.26,42.99,59.06,160.87,15.78,668,1675740000,Microfinance,660000,100,66000000
191,Swabhimaan Laghubitta Bittiya Sanstha Ltd,SMFBS,Microfinance,920500,2584,-0.04,7/20/2021 12:45,"3,055.00-862.00",2388.62,2503.43,167.32,57.33,45.07,154.99,16.67,953,2378572000,Microfinance,920500,100,92050000
192,Summit Laghubitta Bittiya Sanstha  Ltd.,SMFDB,Microfinance,3943000,1685,-2.03,7/20/2021 12:45,"1,905.00-750.00",1497.24,1632.51,121.94,33.88,49.73,151.35,11.13,4924,6643955000,Microfinance,3943000,100,394300000
193,Naya Sarathi Nepal Laghubitta Bittiya Sanstha Limited,SNLB,Microfinance,2353861.5,1835,-2.24,7/20/2021 12:45,"1,885.00-876.00",1625.18,1674.42,0,37.12,49.43,171.83,10.68,4410,4319335853,Microfinance,2353861.5,100,235386150
194,Synergy Power Development Ltd.,SPDL,Hydro_Power,7332500,537,4.31,7/20/2021 12:45,514.80-97.00,330.05,364.59,390.29,11.39,47.15,108.66,4.94,100768,3937552500,Hydro Power,7332500,100,733250000
195,Sunrise Bank Limited,SRBL,Commercial_Banks,94879445,376,-0.79,7/20/2021 12:45,395.00-223.00,326.51,336.57,51,15.88,23.68,152.37,2.47,135894,35674671320,Commercial Banks,94879445,100,9487944500
196,Shiva Shree Hydropower Limited,SSHL,Hydro_Power,14304000,345,1.47,7/20/2021 12:45,388.00-132.00,243.46,278.35,0,0,0,100,3.45,57086,4934880000,Hydro Power,14304000,100,1430400000
197,Salt Trading Corporation,STC,Tradings,1920246,10701,2.89,7/20/2021 12:45,"13,317.00-2,655.00",10075.32,10656.98,263.64,26.35,406.11,784.66,13.64,1350,20548552446,Tradings,1920246,100,192024600
198,Swabalamban Laghubitta Bittiya Sanstha Limited,SWBBL,Microfinance,9430000,1750,0.57,7/20/2021 12:45,"2,152.00-1,170.00",1802.51,1728.06,42.04,20.21,86.59,237.13,7.38,6368,16502500000,Microfinance,9430000,100,943000000
199,Taragaon Regency Hotel Limited,TRH,Hotels_And_Tourism,18866540,432,4.35,7/20/2021 12:45,422.00-182.00,339.5,344.73,125,8.94,-48.32,108.05,4,45964,8150345280,Hotels And Tourism,18866540,100,1886654000
200,United Insurance Co. (Nepal) Ltd.,UIC,Non_Life_Insurance,10281600,754,-0.79,7/20/2021 12:45,850.00-354.00,700.97,727.57,89.53,6.84,110.23,110.88,6.8,40041,7752326400,Non-Life Insurance,10281600,100,1028160000
201,United Modi Hydropower Ltd.,UMHL,Hydro_Power,11500000,418,2.7,7/20/2021 12:45,450.00-100.00,249.09,291.55,302.97,6.12,68.3,105.72,3.95,165820,4807000000,Hydro Power,11500000,100,1150000000
202,United IDI Mardi RB Hydropower Limited.,UMRH,Hydro_Power,4200000,500,1.21,7/20/2021 12:45,579.00-204.00,348.14,404.43,0,5.69,87.87,93.5,5.35,8845,2100000000,Hydro Power,4200000,100,420000000
203,Union Hydropower Limited,UNHPL,Hydro_Power,7500000,392,5.09,7/20/2021 12:45,435.00-49.20,202.83,244.69,631.37,1.59,246.54,90.1,4.35,51832,2940000000,Hydro Power,7500000,100,750000000
204,Unilever Nepal Limited,UNL,Manufacturing_And_Processing,921000,20300,3.57,7/20/2021 12:45,"21,650.00-17,453.00",19724.22,19800.36,4.26,465.58,43.6,2664.82,7.62,50,18696300000,Manufacturing And Processing,921000,100,92100000
205,UNIVERSAL POWER COMPANY LTD,UPCL,Hydro_Power,21003500,319,1.59,7/20/2021 12:47,370.00-69.00,208.61,242.17,348.57,1.17,272.65,105.68,3.02,112149,6700116500,Hydro Power,21003500,100,2100350000
206,Upper Tamakoshi Hydropower Ltd,UPPER,Hydro_Power,105900000,693.3,0.77,7/20/2021 12:47,908.00-219.00,710.37,796.12,185.48,0.44,-1575.68,92.2,7.52,216747,73420470000,Hydro Power,105900000,100,10590000000
207,Unnati Sahakarya Laghubitta Bittiya Sanstha Limited,USLB,Microfinance,1761697.1,2297,0,7/20/2021 12:47,"2,761.00-752.00",2263.84,2340.07,0,52.91,43.41,164.77,13.94,1414,4046618239,Microfinance,1761697.1,100,176169710
208,Vijaya laghubitta Bittiya Sanstha Ltd.,VLBS,Microfinance,2665974.9,1859,0.21,7/20/2021 12:47,"1,925.00-869.00",1671.37,1769.48,81.87,53.43,34.79,160.91,11.55,3778,4956047339,Microfinance,2665974.9,100,266597490
209,Womi Microfinance Bittiya Sanstha Ltd.,WOMI,Microfinance,4119440,1690,-0.06,7/20/2021 12:47,"1,824.00-745.00",1599.78,1600.87,59.53,35.11,48.13,159.46,10.6,5548,6961853600,Microfinance,4119440,0,0
210,Laxmi unnati Kosh,LUK,Mutual_Fund,,14.25,10.04,7/20/2021 12:47,12.95-8.71,10.75,11.19,0,0,0,0,14.25,410966,0,Mutual Fund,0,10,0
211,Laxmi Equity Fund,LEMF,Mutual_Fund,,15.82,8.43,7/20/2021 12:47,14.59-8.32,11.73,12.37,66.36,0,0,0,15.82,1088498,0,Mutual Fund,0,10,0
212,Global IME Samunnat Scheme-1,GIMES1,Mutual_Fund,,22,8.43,7/20/2021 12:47,20.73-8.24,16.43,17.65,138.15,0,0,0,22,630228,0,Mutual Fund,0,10,0
213,NIC Asia Growth Fund,NICGF,Mutual_Fund,,16.79,6.27,7/20/2021 12:47,15.80-9.26,12.98,13.62,58,0,0,0,16.79,595923,0,Mutual Fund,0,10,0
214,NMB 50,NMB50,Mutual_Fund,,16.81,7.48,7/20/2021 12:47,15.64-9.01,12.98,13.59,56.4,0,0,0,0,903680,0,Mutual Fund,0,10,0
215,NABIL BALANCED FUND-2,NBF2,Mutual_Fund,,16,7.38,7/20/2021 12:47,14.90-8.70,12.03,12.66,56.51,0,0,0,16,890909,0,Mutual Fund,0,10,0
216,Mountain Hydro Nepal Limited,MHNL,Hydro_Power,12500000,404,7.16,7/20/2021 12:47,419.00-78.00,284.08,310.57,371.25,1.77,228.25,88.59,4.56,13905,5050000000,Hydro Power,12500000,100,1250000000
217,Citizens Mutual Fund -1,CMF1,Mutual_Fund,,13.9,6.11,7/20/2021 12:47,13.11-9.52,11.08,11.52,31,0,0,0,13.9,239197,0,Mutual Fund,0,10,0
218,Siddhartha Equity Fund,SEF,Mutual_Fund,,15.77,8.01,7/20/2021 12:47,14.60-8.76,12.46,12.94,46,0,0,0,0,333735,0,Mutual Fund,0,10,0
219,Sanima Equity Fund,SAEF,Mutual_Fund,,18.95,8.22,7/20/2021 12:47,17.51-9.40,14.6,15.35,77.77,0,0,0,18.95,1193417,0,Mutual Fund,0,10,0
221,Nepal Insurance Co. Ltd.,NICL,Non_Life_Insurance,12423385.6,1107,-3.74,7/20/2021 12:47,"1,241.00-430.00",890.91,921.31,131.9,18.26,60.62,132.34,8.36,157704,13752687859,Non-Life Insurance,12423385.6,100,1242338560
222,Everest Insurance Company Limited Promoter Share,EICPO,Promotor_Share,,480,-3.81,7/20/2021 12:47,511.00-245.00,401.39,398.85,0,0,0,0,480,21024,0,Promotor Share,0,0,0
223,12% ICFC Finance Limited Debenture 2083,ICFCD83,Corporate_Debenture,,1234,-2.37,7/20/2021 12:47,"1,274.00-1,086.00",1190.8,1211.91,0,0,0,0,1234,72,0,Corporate Debenture,0,0,0
224,Samudayik Laghubitta Bittiya Sanstha Limited,SLBSL,Microfinance,1320000,1520,-2.25,7/20/2021 12:47,"1,693.00-755.00",1377.79,1439.05,67.93,17.28,87.96,150.38,10.11,1817,2006400000,Microfinance,1320000,100,132000000
225,Summit Laghubitta Bittiya Sanstha  Ltd.,SMFDB,Microfinance,3943000,1685,-2.03,7/20/2021 12:47,"1,905.00-750.00",1497.24,1632.51,121.94,33.88,49.73,151.35,11.13,4924,6643955000,Microfinance,3943000,100,394300000
226,Life Insurance Co. Nepal,LICN,Life_Insurance,22110000,2399,-1.76,7/20/2021 12:47,"2,762.00-1,397.00",2368.77,2350.25,72.09,9.27,258.79,127.65,18.79,9126,53041890000,Life Insurance,22110000,100,2211000000
227,Support Microfinance Bittiya Sanstha Ltd.,SMB,Microfinance,660000,2539,-0.31,7/20/2021 12:47,"2,634.00-802.00",2254.32,2394.04,184.26,42.99,59.06,160.87,15.78,668,1675740000,Microfinance,660000,100,66000000
228,Lumbini General Insurance Co. Ltd.,LGIL,Non_Life_Insurance,11988900,819.1,-1.9,7/20/2021 12:47,885.00-437.00,788.27,803.45,77.72,15.31,53.5,125.28,6.54,32596,9820107990,Non-Life Insurance,11988900,100,1198890000
229,Mirmire Laghubitta Bittiya Sanstha Ltd.,MMFDB,Microfinance,4325915,1920,-2.04,7/20/2021 12:47,"1,960.00-682.00",1630.75,1683.63,118.02,45.46,42.23,159.24,12.06,8225,8305756800,Microfinance,4325915,100,432591500
